,id,Location,Name,Address,District,RoadInfo,Poi,RoomInfo,label
0,C438-M16,7.971475756669293,0.6431391934102286,0.8902297415040455,0.46912051155130763,,,,False
1,C430-M204,12.149676673082748,0.9618410696156937,0.745037888351637,0.5045264740761807,0.5108022857471249,,,False
2,C268-M38,0.09151546157807273,0.201225649795866,0.7605381277401176,,0.6960234202273522,,,False
3,C776-M81,10.259012663899787,0.9671307670022925,0.8346337690368062,0.7636026196910136,0.6927844847649636,,,False
4,C677-M95,0.07399089786882643,0.3323020170900689,0.8140240367330028,1.0,,,,False
5,C677-M177,22.278991895093768,0.6586127278894559,0.7372808773850925,0.5584178697681942,,,,False
6,C975-M43,0.3623589302378015,0.8481787882212881,0.7475054240593764,0.8977910031759487,1.0,,,False
7,C767-M122,3.837380516280091,0.226894394515885,0.608086969152396,0.36031169599718904,,0.5442793580256624,,False
8,C575-M173,0.08429416214474024,0.618067671479564,0.639001079872138,0.405011380250202,0.863317262985651,,,False
9,C141-M4,0.09000145759881642,0.4635857409527334,0.7953933429087714,,,,,False
10,C1066-M194,0.07950713048246395,0.4840703539137612,0.6312506961431985,0.2963742809427934,0.6200486534303123,,,False
11,C822-M204,0.10620329398109758,0.6416861277460917,0.8317125657430852,0.6982052055778941,0.8756039546103872,,,False
12,C283-M151,2.9422404112755567,0.6495470643227941,0.7587338960746258,,,,1.0,False
13,C766-M15,0.3623589302378015,0.33495557343675797,0.8717669025490943,1.0,1.0,,,False
14,C268-M189,0.055394877869309044,0.7164698350341682,0.41169037121457364,,0.5252915576237766,,,False
15,C488-M161,0.05046535064815376,0.6252166013641764,0.9424287547896225,,0.7782469777137914,,,False
16,C898-M197,0.08594020892856176,0.3173338121935567,0.4381032750030225,,,0.2227649480755226,,False
17,C621-M135,0.042414053703100384,0.5234215345659159,0.924783870356855,0.7732215914689325,,,,False
18,C686-M244,4.186109642498593,0.5216119752254609,0.7684830162048113,,,,,False
19,C991-M257,23.691162026028646,0.9524913149070673,0.6082049903980299,,,,,False
20,C158-M89,0.0974874303047483,0.33412590559703537,0.9231749511920818,0.9581218365277882,0.826173450956433,,,False
21,C693-M30,4.423851537936587,0.49721949951890576,0.8064444950071288,0.6634429925486154,0.5179857625788081,,,False
22,C690-M63,0.07148009998780334,0.5931639467738116,0.7289574512125646,0.7079539490019077,0.5369144766657645,,,False
23,C8-M68,0.09434791214856063,0.32849311107144097,0.8637508733766706,0.6701530044469293,0.7726470602709988,,,False
24,C122-M55,32.722816266018064,0.11572645730078035,0.7436738437879328,,0.6999736407307336,,,False
25,C910-M65,11.370084197169115,0.6491530557203188,0.7925287470596767,0.5296035032425986,0.493178939892459,,,False
26,C996-M196,0.06787734651933902,0.27171722140585275,0.8759114748363258,0.7074614456385346,0.6466837263466384,,,False
27,C1050-M136,0.0,0.8311678996447752,0.8782641842934421,,1.0,,,False
28,C347-M4,29.822831248887685,0.421877612721425,0.7905053080868439,,,,,False
29,C940-M120,22.809994710079504,0.5476477121093359,0.8489507978833271,0.5781258157351682,0.6059377568057893,,,False
30,C564-M145,5.11207040089667,0.5896443212166451,0.9242999927333977,0.6715320488123009,0.9488210138628801,,,False
31,C894-M46,0.09363016009794206,0.5090081627812509,0.5661890379147834,,,0.3056497521285897,,False
32,C265-M96,0.02046778633111046,0.7150905457471884,0.8725258355754087,,,,,False
33,C153-M173,8.928753711313012,0.2982754836492061,0.5514087013133145,,,0.3103338980820112,,False
34,C596-M162,16.418509574204837,0.6500759837963597,0.9044964086291698,,,0.6745449816533454,,False
35,C70-M88,8.36862696985768,0.8018166811434019,0.671546956030637,,,,,False
36,C509-M130,3.0227781662495254,0.9611674190975903,0.7406557620899411,,0.5166438543263105,,,False
37,C22-M235,13.433208115335335,0.4061549662868251,0.7891368680006206,,0.7243260705262885,0.5862320191407967,0.942872568959273,False
38,C528-M109,27.098677655329787,0.3856165623436858,0.8714632507707923,,,0.5089981268019974,,False
39,C237-M205,0.07589770423256717,0.5239967036402219,0.6248435607739934,0.5879801059915818,0.7008931058617892,,,False
40,C44-M63,17.46212388830237,0.9616441681095524,0.7729142282181947,,,,,False
41,C221-M199,10.152464003548033,0.3638517770345966,0.8628254501402118,0.7490126459372038,0.5705621877316471,,,False
42,C941-M37,5.569976351515812,0.4118110976480842,0.6773971966239627,0.46585973438246264,0.510059529238367,,,False
43,C309-M14,0.09421311750373274,0.22943531724211197,0.8131194381076776,,,0.32941463528815706,,False
44,C882-M128,9.29091953705396,0.38651753165838587,0.9706279505178105,0.723252849434459,0.9531419705535092,,,False
45,C318-M54,16.269730642499752,0.9745442922956897,0.6312492497857333,,,0.4919182020709265,,False
46,C837-M184,0.08397274639532613,0.2720367671473115,0.7531514875394701,,0.5171620033603344,,,False
47,C938-M237,35.465856122695094,0.338912578786984,0.8454524006387039,,0.765123863401992,,,False
48,C1012-M13,0.12887782605225218,0.37367724774845,0.6574378522542859,,0.9523979254686329,0.426134672346661,0.49407430185578927,False
49,C971-M207,16.347377938889267,0.28532247615277484,0.708481336692341,,,0.3139795418392086,,False
50,C636-M71,10.431061629346999,0.6052201867269821,0.8014494000406708,,0.6522265961953848,,,False
51,C598-M239,2.1397027271099898,0.45908795600373464,0.6799850499492207,,,0.27338017996415176,,False
52,C911-M184,1.5832018818706335,-0.03784479469472268,0.668008188779395,,0.5448892078155212,,,False
53,C396-M74,24.13178881173,0.5750870879625695,0.6829024305499972,0.6066498480190036,,,,False
54,C690-M160,0.07148009998780334,0.6429288912613861,0.7303091478129047,0.6528600832469097,0.5369144766657645,,,False
55,C357-M227,1.9096372290664503,0.38215027417386815,0.7262128168218633,,,,,False
56,C748-M70,13.951266741127228,0.641361004420779,0.7373661726731919,,,,,False
57,C691-M160,0.06996844336051128,0.4276010845602114,0.6376623563794469,,0.4922509769342467,,,False
58,C822-M175,0.08440900820498762,0.522712417861045,0.8801743845641848,0.6348325677766564,0.8718430920940742,,,False
59,C952-M160,3.558251994774545,0.3521556570134421,0.9517871110532452,0.7165367811770667,0.9485579936181503,,,False
60,C834-M191,3.910103371709787,0.9554874593227257,0.7732371274047426,0.8410254471274029,0.32501486816431147,,,False
61,C1012-M96,0.01083163216141005,0.48079425986075197,0.8191899479554053,,,0.6804463116168057,,False
62,C952-M63,3.558251994774545,0.4912157921858188,0.9522303710388184,0.8471348234027039,0.9485579936181503,,,False
63,C751-M226,1.2088175356036768,0.6874802733505422,0.7864066407379382,,1.0,,,False
64,C1071-M28,0.09269813422503025,0.6307501477932919,0.8101471351256642,0.405011380250202,,0.73550230200183,,False
65,C360-M11,23.01707291943064,0.24444377705580445,0.854975200533879,,,,,False
66,C76-M130,18.28956552030915,0.9558071630508589,0.809274509514024,,,,,False
67,C816-M68,0.039088782440879544,0.559513209641025,0.698362095149193,0.6701530044469293,0.47969626751616123,,,False
68,C850-M62,0.46143751684217243,0.4211410293745481,0.8195108910620998,,0.9743324663413434,,,False
69,C904-M50,1.160577403637275,0.554396076979965,0.6717153439443075,,0.6330723793491848,,,False
70,C242-M82,13.39899753272432,0.9616925283279988,0.6815735368465222,0.7013921673562695,,,,False
71,C766-M167,0.0,0.0886417025025622,0.9571365462038024,1.0,1.0,0.7712057602067671,,False
72,C333-M20,1.9287697075497563,0.1528555100795772,0.642359811428986,,,,,False
73,C679-M7,9.535818721366772,0.5687180615126781,0.8649854748460897,0.5123233388193258,,,,False
74,C149-M153,0.09355671654424538,0.6810959673024561,0.5627274595179178,,0.6785074100504576,,,False
75,C755-M98,0.10604191459635061,0.5181975303105153,0.9106923812526253,0.6148270216582147,0.9039291482124584,,,False
76,C1009-M17,0.06030054000587492,0.41412761779878116,0.8094395469741626,0.6511156443971858,0.5942161049437045,,,False
77,C146-M207,15.865139912288,0.30921115677413535,0.6574725658743152,0.6168570273356864,,0.3071323604714109,,False
78,C752-M248,0.07807119601260977,0.663877366963353,0.7181713587301797,,0.39825012297699214,,,False
79,C65-M64,15.723886380951887,0.5684875754912414,0.7867874932722654,0.4836057398319231,0.5598052593193591,0.5736863931300376,,False
80,C927-M89,0.028455408919638076,0.6877364631848647,0.9583500791872436,0.9581218365277882,0.8576810019180011,,,False
81,C582-M63,22.816023335202193,0.9548542269526982,0.923597441194558,0.8055650144710506,,,,False
82,C814-M182,10.057745324116876,0.40189398764130324,0.7782693970542173,,,,,False
83,C102-M239,0.050820712819035226,0.26915136539683315,0.6963509116803286,0.7896539971070173,,,,False
84,C856-M89,3.288808551877311,0.5099365496473491,0.903691198229169,0.4125325667219035,0.952064302147729,,,False
85,C74-M39,9.600079933190857,0.7197890809991347,0.5317208977022022,0.3195589721738964,,0.22915506943746733,,False
86,C993-M40,0.06704014580913475,0.3684506607481046,0.6855798544015718,0.48964524775900287,,,,False
87,C250-M101,32.90463312788103,0.34753452439068755,0.7801966006943251,,,,,False
88,C675-M35,4.436250867124445,0.4796488754576511,0.6942424801407749,0.8442332477169808,0.5600241939475091,,,False
89,C735-M0,0.040197079519959336,0.4111831306530914,0.7372117651897124,,,0.4199145300686449,,False
90,C106-M174,0.014247551146183503,0.8386427957933267,0.8125593811835002,0.6553535122145849,,0.9729754836259995,,False
91,C547-M54,21.198058682352404,0.9690440314317623,0.8428932698012566,,,0.770200923654592,,False
92,C526-M167,0.00901822847365815,0.2509007777494018,0.6825286760125292,0.7417967517994744,0.4716323452839092,0.28357821486829815,,False
93,C1071-M39,0.10079666780441848,0.5705745286422583,0.752622049508528,0.405011380250202,,0.49083518538942295,,False
94,C691-M63,0.06996844336051128,0.5744044795005545,0.6323374568381536,,0.4922509769342467,,,False
95,C961-M80,15.540577071556973,0.5402690680256422,0.627338572377844,,,,,False
96,C816-M79,0.07314657408634241,0.4140987584224842,0.7246931675016666,,,,,False
97,C180-M170,26.657139640054677,0.44296859410467404,0.7727340852899712,0.6940424046400803,,0.48008078205135707,,False
98,C985-M149,1.7788063367993192,0.9525765310532116,0.626648813139036,0.7987432061212395,,,,False
99,C605-M133,24.390043660931806,0.7092143538380632,0.8723478296921998,,,,,False
100,C237-M83,0.5816919021036351,0.5237200411480988,0.6324556951774621,1.0,1.0,0.4285615807381258,,False
101,C526-M233,1.8218498677455432,0.5635159315227802,0.7532841798138536,,,,,False
102,C733-M50,0.45760157150385566,0.9868207866687385,0.8197051206752599,,0.7591800049644366,,,False
103,C290-M95,0.07399089786882643,0.12372133740686109,0.8140240367330028,1.0,,,,False
104,C615-M50,2.5463214362682858,0.9696289602256692,0.7816325983539418,,0.7484625292026567,,,False
105,C776-M210,0.026762886324237015,0.27651456981709055,0.5768808317728603,1.0,0.876011142933466,0.16994613823472482,,False
106,C302-M205,0.09176196986762432,0.3201924211324997,0.7142003282301728,0.5879801059915818,0.7533409815380735,,,False
107,C667-M94,7.028851349756108,0.36748215399911255,0.8386560092584795,0.6974005116829043,,,,False
108,C894-M227,0.10079666780441848,0.5350424234877715,0.7588918349148792,,,0.5130236818275626,,False
109,C806-M142,11.00122133182068,0.692955852722396,0.7691675176009929,0.7730358820504226,,0.5242886581794495,,False
110,C672-M205,2.2494571267662127,0.5485695193306985,0.943822651362755,0.6537111737831705,0.9576033774038514,,,False
111,C874-M135,0.10082019564971699,0.5514738971245088,0.7793656859915385,0.8578443343115127,,,,False
112,C71-M191,12.122144278176664,0.570562927220802,0.654437033734947,,,,,False
113,C213-M151,7.389473441444387,0.5353635831929251,0.2721657519668027,,,0.35586471081432647,1.0,False
114,C851-M58,0.10570511268921833,0.42470505540561554,0.8200927917450479,0.9581218365277882,0.5551527717164488,,,False
115,C991-M130,1.0401030950837957,0.9799597897889111,0.6480038847887963,,,,,False
116,C1057-M40,0.06704014580913475,0.5046309926723264,0.6857254074165127,0.48964524775900287,,,,False
117,C495-M128,3.4891376779771037,0.11339668570738026,0.7913685122363324,0.5671229830591745,0.6460186095280821,,,False
118,C905-M162,19.130882658231663,0.5911581458249224,0.8556863666567165,,,0.5147253590009636,,False
119,C378-M251,12.124245501383566,0.44558880727767014,0.7584816216476402,0.6181998332296172,,0.5819306746733157,,False
120,C1063-M46,0.17479584239799467,0.8415043534018591,0.8773159573317335,1.0,0.9610111662860562,0.8616073784137793,,False
121,C587-M55,29.47351511714475,0.20808315028469693,0.7257019409942475,0.5590478128334709,0.9660614122353957,,,False
122,C394-M178,0.08884263484706112,0.5938911555681382,0.6708358951332082,,0.6882489860497792,,,False
123,C932-M64,2.4563795987244843,0.2535154341141631,0.694133121951715,,1.0,,,False
124,C844-M223,0.09833787743145728,0.5527963050179474,0.6589887487531316,0.8977910031759487,,,,False
125,C945-M130,0.03752137807616976,0.4044536294572849,0.7885911897749633,,0.5294213521279956,,,False
126,C495-M108,3.3260043825313237,0.37241325021318483,0.7717337710102591,0.454658296781712,0.6169401336969078,,,False
127,C517-M165,1.3172866005725983,0.2695068653803181,0.9132900478861669,,,0.7305638819029223,,False
128,C344-M50,0.06705424031591879,0.44073124503381833,0.7881613683547092,0.5560435642692977,0.7666632889976165,,,False
129,C901-M28,0.5324049252817454,0.6313122906673909,0.6980009703241754,0.405011380250202,1.0,0.6144025076504044,,False
130,C327-M156,24.73531285386667,0.19163229836052786,0.8374594629631968,0.5749083504738536,,,,False
131,C509-M92,,0.34807847419683746,0.8572682509168271,,,,,False
132,C159-M124,16.72790080763268,0.6663106340060574,0.8566776103713386,,,0.5235948745785785,,False
133,C1049-M108,0.7641141664110415,0.711724372885666,0.7709274193832063,0.5242068660624666,0.49785037542459865,,,False
134,C386-M157,19.34346569529145,0.34865373095902163,0.7568406812953775,,0.7865517748732767,,,False
135,C508-M94,27.754925181147783,0.5299527962693508,0.8778433602246098,0.713732615094655,,,,False
136,C488-M205,0.3596291960075748,0.8967934280377801,0.9398439481913222,0.6701530044469293,0.947764178003523,,,False
137,C268-M57,0.09151546157807273,0.41173335815600365,0.7618125297246385,,0.44208023165697286,,,False
138,C416-M47,0.3475458012295635,0.48348819836501444,0.6876354062828319,0.9167342343361736,0.9906344393187563,,,False
139,C641-M148,2299.1030665012686,0.9904666138963584,0.8273942042626743,0.6803717297881247,,0.4503826518271854,,False
140,C281-M136,4.172547165964311,0.20189751529567568,0.7688637105366736,,0.42719926165678324,,,False
141,C405-M123,11.292779193939127,0.23733629729084849,0.7587193805824635,0.7814005876633693,,,,False
142,C407-M153,3.261660670541474,0.687681455285921,0.28705330447947464,,,,,False
143,C1057-M56,0.09574090028449302,0.7555413138213518,0.7923039356747429,1.0,0.9931823388582212,,,False
144,C454-M146,0.39799925576723977,0.3371861433548986,0.931271540593497,0.6790620839370024,0.990918693664649,,,False
145,C257-M63,5.641354113520761,0.42533847772637645,0.5844914400294542,0.5938102547498877,0.9794742240553019,,,False
146,C460-M68,0.09434791214856063,0.4895265644898166,0.857942403614168,0.6701530044469293,0.7507339989873354,,,False
147,C29-M125,0.08397274639532613,0.43394396613750585,0.8081344875247516,,,,,False
148,C424-M54,11.461357436293712,0.38056943526819276,0.730712578592099,0.5103426060107219,,,,False
149,C449-M32,0.10328827427683743,0.45521433712487136,0.9324715188768625,0.6970941310795321,0.8546335578116181,,,False
150,C910-M186,12.297504799492332,0.726356905079688,0.7570378931858769,,0.5585078533599148,,,False
151,C503-M85,12.745580842144104,0.28437909449660104,0.8626817340242969,,,,,False
152,C76-M226,17.53866917684471,0.9523281397030143,0.9324094135978181,,,,,False
153,C688-M63,0.09937939764351923,0.453018108551521,0.7094745747987463,,0.6438764875178372,,,False
154,C580-M107,2.5246615932894603,0.4130642460741647,0.7154306225070836,,0.5136444334199829,,,False
155,C186-M162,16.418509574204837,0.9571818499134039,0.870416756185819,0.7792817357779106,,,,False
156,C10-M143,0.040197079519959336,0.3275849778982096,0.7024084463764724,,,0.46533541766164266,,False
157,C816-M48,0.07314657408634241,0.23053527773496352,0.7963677944660533,,,,,False
158,C764-M215,0.08812730104002013,0.5560090033604888,0.7600435869542206,0.6751152374693346,,0.8360983182361307,,False
159,C102-M103,2.2218332783110255,0.20983337512193811,0.8673873186052661,0.6090313200248623,0.8096070407166194,,0.933276040199555,False
160,C971-M167,0.00901822847365815,0.3859980577593274,0.6124914751105325,,,0.16022314979834607,,False
161,C691-M65,0.06996844336051128,0.4871610506132349,0.7518840892800711,,0.5016787518332573,0.6830003188845384,,False
162,C236-M157,6.357591644256327,0.36813374442863844,0.9504445005558658,,0.947138608297627,,,False
163,C892-M93,26.13036856957401,0.5244270580199291,0.6064851093185909,0.8098042230880851,,,,False
164,C1042-M66,4.767913986461386,0.9654529944046476,0.6757483456287322,,0.46960411183205,,,False
165,C589-M135,9.318476371742225,0.45124725684826217,0.7970404804321629,0.8500649457583768,,,,False
166,C28-M56,4.731948711282643,0.5260366763091873,0.6765578186435703,,0.36997712316609976,,,False
167,C833-M199,0.0,0.6666393939031194,0.9492522338069455,0.9582144555966379,1.0,,,False
168,C634-M85,0.10418404496071192,0.28504231772064825,0.8618100111667583,0.9581218365277882,0.6445700034691458,,,False
169,C626-M17,1.667225804138289,0.46600119366603965,0.6965219512858242,0.48475788702469447,0.40279937024022217,,,False
170,C336-M86,6.008241189884396,0.21041180958771832,0.752981007652393,0.6607916649884388,,0.46892443722899546,,False
171,C735-M143,0.040197079519959336,0.42800606557632914,0.7372117651897124,,,0.4199145300686449,,False
172,C634-M83,0.08722612069365258,0.47747094320168615,0.7819835308591678,0.9581218365277882,0.684956785351914,,,False
173,C641-M233,2297.9899900983646,0.5732926134088662,0.7804612185407328,,,,,False
174,C1076-M42,0.0,0.5046309926723264,0.8505571026570986,0.48964524775900287,0.9931823388582212,,,False
175,C894-M42,0.0918954163945652,0.45273108393606964,0.5864842181661488,,,,,False
176,C712-M32,0.0923985748092543,0.47160361364379266,0.7729197421980105,,0.39449351312481884,,,False
177,C169-M150,0.063310410329817,0.7308671497450898,0.9143644673945963,0.8844190576790879,0.845754050556236,,,False
178,C237-M61,0.03879612751400085,0.6519509701446519,0.8755308214884774,0.6511156443971858,0.5781295638302498,,,False
179,C734-M15,0.09583902035279268,0.5244371871598821,0.9875173403113702,1.0,0.8985140603512112,,,False
180,C133-M161,0.09544241956734094,0.49238817630334575,0.8399755779471478,,0.8783980258225581,,,False
181,C8-M38,0.0,0.7836875963592539,0.937402276842432,0.6190071167258148,0.9880818511415856,,,False
182,C277-M229,0.0,0.5549204868849291,0.9276632554176973,0.8680923978414871,1.0,,,False
183,C813-M130,0.04764795208048336,0.503501480343573,0.7575584161539142,0.7079539490019077,0.5833446739972424,,,False
184,C1079-M175,0.7180160820138963,0.3599785135817015,0.7679014996021876,0.6562981735516616,0.5901899083810864,,,False
185,C693-M45,2.156661037139298,0.9502262796074046,0.6738586813056652,0.3873354044804793,0.6807130443476295,,,False
186,C816-M240,0.07314657408634241,0.42344397302607706,0.741751583527153,0.5407275479424951,,,,False
187,C144-M10,1.8228459151563385,0.5429047885733107,0.8307692179425376,,0.6449717774818006,,,False
188,C766-M43,0.3623589302378015,0.3613473368240707,0.7818926233160259,0.8977910031759487,1.0,,,False
189,C706-M44,12.324763055575405,0.24321326593762171,0.7594667439540946,,,0.46967870970759085,,False
190,C816-M100,0.07314657408634241,0.4033174302943421,0.7110617803021895,,0.4359361458279297,,,False
191,C1070-M160,2.883751979874629,0.4258166062938975,0.8348391722535926,0.7165367811770667,0.679638511961204,,,False
192,C477-M135,0.042414053703100384,0.5149347514503401,0.7152075221987754,0.7732215914689325,,,,False
193,C340-M196,3.3233646827340575,0.23377650584382614,0.8429963970906216,0.5499712137485382,0.4185677951659452,,0.9189361403991549,False
194,C281-M235,7.949964811272766,0.1337682034783485,0.9036096369321359,,0.7111998605559647,0.5413791460151454,0.9576591030311448,False
195,C27-M24,7.535677191445814,0.3171212259187174,0.8448465991165368,0.7061265572247372,0.5107811532088156,,,False
196,C900-M195,0.6175803623943396,0.44214779840523644,0.9670116877838513,,0.9687791937587629,,,False
197,C993-M39,0.0918954163945652,0.49097423459475964,0.6068388086315635,0.405011380250202,,,,False
198,C237-M67,14.232910429421423,0.42365074098080147,0.9370222499808435,0.5183987122672502,,0.7492399389474065,,False
199,C63-M76,7.6326334419672195,0.6241405207147679,0.8305401190203597,0.5747294496807219,0.704565707994039,,,False
200,C438-M189,0.7040591490499545,0.42065209778037915,0.6566430839722798,,0.9766315608652633,,,False
201,C777-M151,14.87240151448056,0.5389008581117026,0.725774974066398,,,0.462983395303731,1.0,False
202,C691-M175,0.083325374278997,0.5919634267901425,0.8156816434478318,,0.7033330996389789,0.49077794110388184,,False
203,C996-M173,0.03598036948397737,0.5493340722881384,0.6568337218011361,0.405011380250202,0.8435528869518105,,,False
204,C961-M205,4.928281001103954,0.3869402827222981,0.8604375640330028,,0.9575989417892782,,,False
205,C1063-M10,0.08672264829649419,0.44626978629614333,0.8338347327613423,1.0,0.5062697644846852,,,False
206,C837-M125,0.08397274639532613,0.25234415672430277,0.8248701711531414,0.6684109343706545,,,,False
207,C548-M139,2.392097829880023,0.6386335445714024,0.8281461373369388,,,,,False
208,C447-M198,0.1039853198184449,0.4460752648026417,0.8502146344867771,1.0,0.8085477561855183,,,False
209,C395-M37,5.481985433644361,0.4767915394314024,0.7102199693352065,,,,,False
210,C6-M225,0.0,0.7078193507340116,0.8554061409765742,1.0,1.0,,,False
211,C238-M130,0.03752137807616976,0.4702834284095214,0.771429231894984,,0.5398608143556822,,,False
212,C651-M182,10.057745324116876,0.9574399605165782,0.8109349193049707,,,,,False
213,C613-M196,3.2075775873458876,0.6771560869784972,0.8238131680617834,0.6946494531266053,0.5093946135677943,,,False
214,C265-M21,0.10343636693048144,0.6701624906610766,0.9666573752216495,,0.9523979254686329,,,False
215,C284-M58,0.19711838149132435,0.35203314298260513,0.8701120974265495,,0.9592023693670763,,,False
216,C851-M251,0.07050150433290667,0.6911189614499107,0.7287318109765237,0.9581218365277882,0.4285845536019235,,,False
217,C703-M24,8.735063290116253,0.46303913163482824,0.8232521012297181,,,0.6481610186696689,,False
218,C446-M141,24.09805527691883,0.3531024254593538,0.7620491368449197,,,,,False
219,C645-M4,2.561281882546834,0.29836792780811394,0.7937083205682876,0.6784400654116507,0.5675149348786136,,,False
220,C665-M2,0.010727937303431785,0.7428097201370069,0.8817558742291219,1.0,,0.8476484576619142,,False
221,C601-M208,0.08228691762985169,0.1693174826334477,0.7023089973782172,,,,,False
222,C786-M180,7.403670232859757,0.9583567604126548,0.945539943263402,,,,,False
223,C583-M151,2.4111098477803123,0.6434661874048315,0.7585358945390873,,,0.450196738091323,0.9938871223779744,False
224,C931-M122,6.537140380054637,0.22904553415309792,0.5280742329634719,,,0.4658317798636822,,False
225,C123-M201,19.08857060915819,0.700579069648851,0.7782882152170414,0.7287896291759459,,,,False
226,C10-M73,0.040197079519959336,0.31725671588805815,0.5930238327552558,,,0.40673588670024863,,False
227,C338-M50,0.07357825964099239,0.19463840001604793,0.8557080738743154,0.698510844164598,0.8448887595500604,,,False
228,C560-M45,0.07033071557080993,0.32183006437750017,0.778714959988235,0.48964524775900287,,0.8638739498421714,,False
229,C595-M75,12.037606911061925,0.6254177871073882,0.7925183691794303,,,0.42943800027103674,,False
230,C965-M205,0.10327730532323637,0.778779622969916,0.7989592642838972,0.6701530044469293,0.5413411881407141,,,False
231,C991-M74,26.061361352242475,0.9595702255401514,0.6986654233447639,,,,,False
232,C690-M65,0.07148009998780334,0.8627063045178822,0.8738354404708057,0.5958561953254039,0.5809930128625294,,,False
233,C293-M115,8.008587837384061,0.35869479474911836,0.9334701443166481,,0.6134153625200075,,,False
234,C39-M249,6.37684033969362,0.9511351846545313,0.3221247905278849,,0.4494070207732612,,,False
235,C573-M54,6.205979298825683,0.9765020089816506,0.5263386877614757,,,,,False
236,C101-M37,0.06680229866787422,0.6516324607326425,0.7705829710935101,0.7482441783926026,0.7516226926671032,,,False
237,C962-M209,14.771600156555147,0.40415879767166674,0.7665697569454769,,,,,False
238,C816-M131,0.07314657408634241,0.2744501804319377,0.4926446940547097,0.7349241546896924,,,,False
239,C426-M84,26.096760029054355,0.3788708700018849,0.8684152070656201,,,0.6204825327351915,,False
240,C997-M63,8.222501384714924,0.49186385445970915,0.9369569900610911,0.49523751312679953,0.9867492229476938,,,False
241,C990-M104,11.280081511616512,0.2828915228790341,0.7731546797485302,,,,,False
242,C806-M23,7.562831315126404,0.6738917805670629,0.8195515094736094,,,0.601724652264664,,False
243,C1076-M56,0.09574090028449302,0.4490240712908027,0.8198406508602193,1.0,1.0,,,False
244,C60-M135,0.10082019564971699,0.5677907239376228,0.642945087249827,0.5007207508945704,,,,False
245,C975-M15,0.3623589302378015,0.48434268649469214,0.8614216345766456,1.0,1.0,,,False
246,C758-M238,26.268959006937248,0.865909684758537,0.7319624903565153,0.6145253017708345,0.5497949980543019,,,False
247,C904-M145,1.0613031137681705,0.5380358063948224,0.7481721658584016,,0.7137903018209996,,,False
248,C201-M233,1.871485948063356,0.5682313790995795,0.893485298517586,,,,,False
249,C811-M193,21.001958578236422,0.9555597397289389,0.902392317935814,,,,,False
250,C11-M205,9.005227260484375,0.4792329498249519,0.8579776703135845,0.4753162202431136,0.8061048318167492,,,False
251,C752-M71,0.09624225025652142,0.7521326719209186,0.7994144787206244,,0.7221056039311939,,,False
252,C903-M161,21.977985985905967,0.49524966262997494,0.8021375349237824,,0.6525510776676732,,,False
253,C993-M56,0.09574090028449302,0.8415043534018591,0.783963195482375,1.0,0.9377321445235122,,,False
254,C167-M205,7.478899962399689,0.8749284522949287,0.9432464972197794,0.5691528164752291,0.951679279827521,,,False
255,C735-M49,0.040197079519959336,0.5294256686157245,0.7622557767757865,,0.44071318392393755,,,False
256,C448-M173,26.86001307729293,0.6919204230839527,0.741783861469624,,,0.7261574942821611,,False
257,C810-M143,19.442154078523565,0.2276634213589579,0.7199638625736637,0.9202690759497464,,0.25663112423761403,,False
258,C755-M62,7.385561361130001,0.645909383353896,0.8133160603725138,,0.8183373135808186,,,False
259,C166-M130,0.10458881546928912,0.2615258411158461,0.75721430053351,,0.65789875008403,,,False
260,C19-M186,6.891912857830313,0.3144230742499844,0.7490319721011751,,,,,False
261,C595-M40,0.09958520182683217,0.4623619184712875,0.8245673376512568,,,0.7917917099503734,,False
262,C236-M63,8.580593188923695,0.6629504439229658,0.9902086187172233,,0.9579579842862989,,,False
263,C965-M145,0.07676745057248974,0.7788379626757468,0.86037022545986,0.699282873420086,0.6319918218120746,,,False
264,C484-M239,0.050820712819035226,0.21487189518229632,0.7077443532926544,,,,,False
265,C48-M97,0.10546275192823922,0.24511053817657902,0.7288383023245876,,0.5449907865608458,,,False
266,C918-M161,1.2720824855257242,0.5013658815602012,0.9300029698613651,,1.0,,,False
267,C29-M184,0.08397274639532613,0.33651446831304677,0.7634113549486796,,0.5624840430042632,,,False
268,C927-M71,2.9874166628546863,0.5936690220751952,0.8223493592340573,,0.47374832602937933,,,False
269,C90-M72,5.783408076721267,0.6185146853097485,0.8386021022331097,0.5649065989354836,,,,False
270,C164-M96,1.2655257214496098,0.4550345762108421,0.7591211751250889,,,0.2878013051759438,,False
271,C38-M188,0.0003478219583645882,0.35329743530152613,0.8174935381870764,,0.631722939818569,,,False
272,C949-M28,0.09051441479322624,0.4320633424331579,0.7558642916572663,0.405011380250202,,0.7320320268409181,,False
273,C633-M132,1.967466821232609,0.25490831353185317,0.6297070927672609,,,0.4001475145661604,,False
274,C73-M167,11.961901119371884,0.40940935702465586,0.7339556392640709,0.6859693408269479,0.49110851486695284,,,False
275,C816-M233,0.07314657408634241,0.48613958084572517,0.7246931675016666,,,,,False
276,C684-M103,26.309654292652212,0.1742537733533266,0.7973274723342659,0.5977945379436619,0.6469031205172427,0.2644080149423693,0.9904567896264195,False
277,C1042-M26,16.667939099557394,0.9839192772057458,0.9106422611041111,,,0.9757731672037827,,False
278,C988-M63,9.856869316760513,0.956191933569503,0.9812921705580304,0.6367232307959254,0.5459735325937451,,,False
279,C649-M226,1.1465767597978638,0.6947044354205001,0.8430013493956227,0.8704318839866707,1.0,,,False
280,C39-M27,,0.452445553220155,0.6671737260716032,,0.6719509880212521,,,False
281,C1076-M39,0.0918954163945652,0.5732079335262673,0.6708022591130041,0.405011380250202,,,,False
282,C134-M130,19.362682195910907,0.9529082386458866,0.8052956079699132,0.828259155542179,0.5207793584263645,,,False
283,C691-M204,0.06996844336051128,0.5960646451171877,0.7967579033487651,,0.7142108823613675,,,False
284,C688-M160,0.09937939764351923,0.34818882670722706,0.7079350004040716,,0.6438764875178372,,,False
285,C619-M98,0.09915086967942878,0.5221577025007359,0.7481188814990243,1.0,0.4280496953364247,,,False
286,C257-M160,5.641354113520761,0.4026133177220046,0.5952787572907536,0.6001931573440171,0.9794742240553019,,,False
287,C1024-M120,0.0,0.34898638007964056,1.0,1.0,1.0,,,False
288,C480-M83,0.09649151936508814,0.21374098757320348,0.6663554065827128,0.9581218365277882,0.5404926732384596,,,False
289,C88-M205,3.4275119700540935,0.9267727394476205,0.8710136381826639,0.4597058688342536,0.9584412085205344,,,False
290,C983-M56,3.481828200482881,0.9590680483811754,0.7056470494601665,0.8012827132812271,0.7227612032496301,,,False
291,C352-M172,11.617377977069578,0.5844608196302237,0.7816697968988678,0.7518957257668343,,,,False
292,C523-M184,0.08397274639532613,0.3138004446363042,0.7551393916548605,,0.5171620033603344,,,False
293,C137-M151,0.0764650562044363,0.42628410255842764,0.6900852947855427,,,,,False
294,C787-M58,17.971841440342377,0.400536035012216,0.9533684041531841,0.7173616360624802,0.94998658966457,,,False
295,C551-M205,0.09176196986762432,0.4947420551328867,0.8421085938272634,0.5879801059915818,0.7533409815380735,,,False
296,C245-M66,19.122581146045025,0.5475796590057642,0.677729104126925,0.8992017549454228,,,,False
297,C65-M16,7.450096300780445,0.5649664320788094,0.8172043252254891,0.6658166047426944,,,0.9346259280159973,False
298,C584-M137,9.731175620274454,0.1755532378097926,0.7885489067008816,0.6181242222803705,,,,False
299,C734-M43,0.09583902035279268,0.3375596114673227,0.9382769544571063,0.8977910031759487,0.8985140603512112,,,False
300,C303-M161,1.2556497221466278,0.32903873864320177,0.8708330223682503,,,,,False
301,C10-M49,0.040197079519959336,0.40554339841557796,0.7280183319307058,,0.42042230818113724,,,False
302,C582-M16,22.210207154851457,0.9775205016601286,0.8981202797143886,0.6967875333163753,,,,False
303,C975-M167,0.0,0.5759008328072793,0.9890330395749061,1.0,1.0,0.7712057602067671,,False
304,C942-M118,22.946721803391597,0.30638942927101565,0.7376588953009718,0.5183987122672502,0.48138690911982884,,,False
305,C144-M203,16.598717615253996,0.4280594556306304,0.6372160835724918,,,0.378928491702722,,False
306,C1068-M79,4.12787726481976,0.9577908520670337,0.7896936336613909,,,,,False
307,C899-M160,0.24805806663017257,0.40183995356918834,0.7245619117421065,0.5509199738899664,1.0,,,False
308,C219-M63,0.0,0.5417838489700294,0.9970777920888588,0.7079539490019077,1.0,,,False
309,C845-M90,14.798706081312794,0.5838140971309721,0.7207270860274956,,,0.6020227653026095,,False
310,C564-M28,3.0479197730288576,0.5383110840468113,0.673775516987162,0.4684686143588571,0.5266924332064684,,,False
311,C209-M252,0.09208540273815037,0.5821212771891825,0.9211375312754916,0.8331049556720456,,,,False
312,C808-M242,25.910692649540895,0.674477628898101,0.8009281459432033,0.6873374466181019,,,,False
313,C219-M160,0.0,0.45173667016122576,0.9933677946632749,0.6528600832469097,1.0,,,False
314,C955-M101,15.753493909965185,0.6155592603045474,0.794018015651963,,,0.4081974550471297,,False
315,C134-M74,15.453283366000338,0.9675946643763287,0.723743790755992,0.7967702746378431,,,,False
316,C265-M13,0.10343636693048144,0.4046088302063291,0.6489283696936997,,0.9523979254686329,,,False
317,C822-M120,21.6444605795507,0.5331139272552508,0.9188754115784795,0.6910702774243833,0.7969695276608275,,,False
318,C950-M84,18.41189979494597,0.9551552630287742,0.9789354171424801,,,0.9551552630287742,,False
319,C233-M81,0.0,0.3728096780191116,0.7598293970888982,,1.0,,,False
320,C487-M44,1.2063540947042568,0.5383522097085736,0.9186100281964605,0.9170197453452116,,0.7150396954480586,,False
321,C1076-M46,0.08147961347693329,0.3684506607481046,0.7787094904687739,1.0,0.9377321445235122,,,False
322,C303-M39,2.418195499756919,0.3949276520351874,0.714621810971404,0.3701493148858357,,0.14186102189099326,,False
323,C824-M29,0.0,0.5067524585345031,0.8859741649417651,0.7738303257256584,,0.6828322146788822,,False
324,C168-M38,6.620298690061142,0.2003929703752123,0.7173854798127501,0.5329474766354086,0.4349740479642086,,,False
325,C675-M76,0.10684158383953907,0.41432079608522343,0.8561532602895076,1.0,0.602144830204938,,,False
326,C978-M58,18.571781718490694,0.2882460166735026,0.9135723222530238,0.8127021449255037,0.9611252067995726,,,False
327,C766-M23,4.185631300361605,0.3161791446744173,0.7368953642622985,,,0.2792625770747382,,False
328,C314-M215,0.08812730104002013,0.43298412347203064,0.8156680100572488,0.6751152374693346,,0.9215666057103786,,False
329,C939-M167,0.3623589302378015,0.5873053373213788,0.8665408697968221,1.0,1.0,,,False
330,C513-M81,6.632505774465766,0.41765679804947287,0.9681955139441283,,0.9529603664329749,,,False
331,C898-M164,0.05708740148392528,0.36705602068928656,0.5386594504106711,,,0.5408219635697997,,False
332,C816-M244,0.07314657408634241,0.36510939144355303,0.6748510938440414,,0.40432600190993173,,,False
333,C1011-M211,20.303018639219452,0.3952602767029174,0.7766001667162393,,,0.411653339150009,,False
334,C338-M0,14.394548557000409,0.23483020340837357,0.8279915425835519,0.607229041703062,,,,False
335,C1012-M21,0.12887782605225218,0.40221590837068255,0.8744254680061962,,0.9523979254686329,,,False
336,C444-M215,10.270413240121904,0.35138079040277326,0.6144523828943536,0.5696907334284146,0.6284267494799908,,,False
337,C646-M173,0.08429416214474024,0.5909916735853681,0.639001079872138,0.405011380250202,0.863317262985651,,,False
338,C820-M113,11.091541077534549,0.28235816971670724,0.698416824400727,,,0.35329096021591133,,False
339,C488-M138,0.05046535064815376,0.7790752359434812,0.9424287547896225,,0.7782469777137914,,,False
340,C466-M85,0.10418404496071192,0.4549918422944046,0.8037578682762652,0.5560435642692977,0.6425630523839854,,,False
341,C947-M182,14.914536614824183,0.9580923348084602,0.8502582476277561,,0.8868153514670485,,,False
342,C95-M28,0.0920088537644588,0.34410468718577136,0.7549570782210704,0.405011380250202,,0.7943674271991847,,False
343,C1023-M251,0.07397049363075103,0.33759299513510865,0.761176321317794,0.5560435642692977,0.7230150602639842,,,False
344,C385-M98,0.09915086967942878,0.41567628061139605,0.7985149700247397,1.0,0.4280496953364247,,,False
345,C677-M131,3.5418325288617467,0.3974372530003538,0.5590844139781955,0.49505690606384856,,,,False
346,C873-M57,7.58107293148415,0.6253787319059745,0.8801776560043616,0.7023746238612374,,,,False
347,C94-M133,14.48814711738305,0.69389595973975,0.7874212334125502,,,,,False
348,C822-M65,0.10620329398109758,0.46317654654544693,0.9121839874070714,0.5958561953254039,0.7259941657837458,,,False
349,C86-M222,21.473687844666216,0.7494823913674716,0.813922650194697,,,0.730357003403838,,False
350,C802-M173,0.03598036948397737,0.3414985976478693,0.6080893175303194,0.405011380250202,0.8435528869518105,,,False
351,C191-M205,2.7368172353668174,0.8155680273282957,0.9160764601268842,,0.9558419332916384,,,False
352,C956-M235,13.11699973013043,0.37731299543472674,0.8380650615937115,,0.5612448176342392,0.42074074286399954,0.9432811343539225,False
353,C254-M145,0.07398870102191134,0.4480822427265141,0.8854435423485303,0.699282873420086,0.7302536473788351,,,False
354,C927-M255,2.2222836655748828,0.9628012724623348,0.892512410536129,0.6553535122145849,,,,False
355,C640-M53,0.07583969448333173,0.34788495511120177,0.7596294491918697,0.5335321799316843,,,,False
356,C640-M3,0.07583969448333173,0.3846187659290159,0.8207054346507945,0.5335321799316843,,,,False
357,C802-M208,17.440786317700677,0.2099093990766604,0.6598628013219934,0.8788117162923264,,,,False
358,C570-M130,10.689021989082216,0.4771959743144121,0.7462929979717337,0.6926645431308891,0.5986452237647556,,,False
359,C365-M19,23.341929593880714,0.36941941063706274,0.8126970741654567,0.5473196809958086,,,,False
360,C806-M74,32.128438104878896,0.9571031050287702,0.7838701563428598,0.7883558211516787,,0.5990389567878219,,False
361,C1053-M43,0.0,0.5399149676450774,0.9386973913985434,0.8977910031759487,1.0,,,False
362,C990-M6,11.248922394945112,0.9589766984633876,0.9154775823462377,,,,,False
363,C4-M108,17.302319422815945,0.7233289891403303,0.845632060572327,0.5562619766024429,,,,False
364,C927-M97,1.1976820593127966,0.9520512054369494,0.9319559878591882,0.8404678598647841,0.8373145434935376,,,False
365,C1069-M68,0.09434791214856063,0.20131397826170883,0.7289161157180843,0.5879801059915818,0.7705642271919463,,,False
366,C948-M6,0.08772082384195963,0.6208138589567497,0.8922232934057892,1.0,,,,False
367,C465-M13,0.0,0.25500532614901283,0.6588208747409665,,1.0,,,False
368,C259-M46,3.8437423474196253,0.6907394017390287,0.7694264774496345,0.5545729333510953,,0.4429333653502011,0.4250638686804388,False
369,C1042-M75,15.267409628013523,0.9749263102179091,0.781228642529575,,,0.4263106153972889,,False
370,C1038-M13,0.0,0.3844066381030171,0.6363011525633752,,1.0,,,False
371,C302-M180,4.58592045830184,0.3275559527419307,0.600727513359987,,,,,False
372,C822-M160,0.10620329398109758,0.3632355351480656,0.8619238761529674,0.6528600832469097,0.7153960738805297,,,False
373,C744-M248,5.808623665790882,0.972206104247684,0.7342338333349248,,0.5803357772359364,,,False
374,C465-M21,0.0,0.29204305286276744,0.983545257554488,,1.0,,,False
375,C348-M6,2.588126912523624,0.9536233630912284,0.9121838919067314,,,,,False
376,C142-M28,0.5324049252817454,0.33464696754971257,0.6959649215520142,0.405011380250202,1.0,,,False
377,C316-M215,0.08812730104002013,0.4043843329869625,0.8556533286023519,0.7229518496954564,,0.9215666057103786,,False
378,C236-M100,7.508518653650789,0.5923236007534494,0.887424626536355,,0.9511586498400639,,,False
379,C690-M204,0.07148009998780334,0.6931385563592726,0.8862118394050786,0.6982052055778941,0.7608021904626332,,,False
380,C975-M235,13.016564021641182,0.47122225639538806,0.7082409373449651,0.6744597603917593,0.5418394076859934,0.25572707421311625,,False
381,C816-M192,0.07314657408634241,0.3816748290958991,0.7537241470559619,0.7570345040140363,,,,False
382,C663-M151,3.029348844085491,0.22892454787773653,0.6618421821334977,,,0.27162989139554927,1.0,False
383,C687-M160,6.2514291247945755,0.33334762027180964,0.9738908676931952,,0.9794742240553019,,,False
384,C940-M68,0.09434791214856063,0.5659983747575135,0.9072840846657111,0.5879801059915818,0.8134553450078886,,,False
385,C360-M184,2.8219404091915226,0.19297624400109747,0.8052306414138629,,,,,False
386,C403-M3,11.528368030245057,0.47245445383984586,0.8479800099153679,,,,,False
387,C219-M100,1.2936500561001725,0.5124906807537802,0.8470852062530206,,0.9493620307158188,,,False
388,C822-M63,0.10620329398109758,0.6141315001453181,0.862781572383837,0.7079539490019077,0.7153960738805297,,,False
389,C439-M157,4.148686607400813,0.5314456113110358,0.7826159204526213,,,,,False
390,C155-M20,14.327715703814626,0.3240122190650543,0.6366028804861346,0.43010904956315743,,,,False
391,C873-M8,8.708885426457554,0.9545384798737028,0.9127241127668531,0.9829879073350124,,,,False
392,C451-M248,2.6453310751021983,0.3250268720294225,0.6192665798503946,,,,,False
393,C816-M108,0.07314657408634241,0.5135124793563833,0.741066607796041,0.5400610013564633,0.5243858260942612,,,False
394,C471-M212,0.09134123485889159,0.3762840127085805,0.6614594076204409,,0.4297339593951707,,,False
395,C1070-M24,2.028334563236774,0.4369713892597238,0.8793601378027701,0.6147655704724605,0.703853778600337,,,False
396,C712-M41,0.019015105877050548,0.4623001313028081,0.8490679183347284,,0.9879200021051302,,,False
397,C711-M81,24.69244327547985,0.414100295836745,0.8698019697184627,0.5653008880138679,0.7194013158623708,,,False
398,C474-M221,20.595790971245066,0.30566118987428714,0.6833903124672372,,,0.4741769642729643,,False
399,C134-M257,20.215396679037205,0.958826499261514,0.7949225710589009,0.6855136625845213,,,,False
400,C914-M122,5.3651506908822535,0.30171821845002866,0.7682081596868505,0.5938102547498877,0.5287424537540282,,,False
401,C242-M252,7.6847248760846885,0.4696571395928879,0.7310677534277236,0.8354896219183278,,,,False
402,C275-M246,8.76950374667532,0.14979927438018437,0.5789327966026234,0.8823027610784424,,0.3980333748063889,,False
403,C175-M89,7.953074199116816,0.26480879790556866,0.7374587662515728,,,,,False
404,C917-M257,35.30846099921845,0.9541818401217864,0.7936333042029616,0.6840720053871086,,,,False
405,C816-M7,0.07314657408634241,0.38405112974890454,0.7162564314787225,0.5935121504931182,,,,False
406,C688-M204,0.09937939764351923,0.572056458413341,0.8491185638007372,,0.8379627257257867,,,False
407,C378-M87,10.104745162738448,0.39400526119122636,0.8736260732140683,0.7483547887104214,,0.6878842869906242,,False
408,C902-M81,9.246681227285055,0.26259609586289323,0.766328774319178,,,,,False
409,C255-M126,22.210799765769483,0.33782297215112655,0.7481601106561502,0.48341463691950914,,0.3818855286777051,,False
410,C977-M235,8.700617104316521,0.3772784789355963,0.8270225175608753,,0.7511577075953083,0.2472541484268821,0.9117641934488437,False
411,C842-M153,0.09355671654424538,0.5789241831876711,0.5474601678211952,0.8314621172949861,0.6756963399715223,,,False
412,C45-M198,0.1039853198184449,0.28873872828616765,0.781065813216481,1.0,0.4991370408277591,,,False
413,C1024-M13,21.86254472841022,0.13884401762775522,0.4112636745343473,,0.6712583289845562,,,False
414,C133-M138,0.09544241956734094,0.5050587590768367,0.8399755779471478,,0.8783980258225581,,,False
415,C491-M37,0.04645117333423811,0.5848899516303091,0.7669185224068069,,0.6896929362160708,,,False
416,C1042-M92,,0.9876311182689741,0.7388199929679885,,,0.2230384743569962,,False
417,C749-M204,8.620067097523494,0.9659183334197405,0.6978087345008067,0.5483038051179736,0.779402064760739,,,False
418,C51-M56,2.090461538422615,0.5214370641992978,0.7501457307550435,,,,,False
419,C18-M47,7.368769354588591,0.2856719861061543,0.8524449111186826,0.6048260419925061,0.5929655727933651,,,False
420,C308-M149,5.573131053797328,0.4970753845395246,0.6527392801352987,,,0.47960494692482836,,False
421,C1059-M21,0.00015127695385637355,0.3216104312521395,0.9415085875743786,,1.0,,,False
422,C957-M85,10.95162171160914,0.706225783056785,0.8862304246693214,0.7636026196910136,0.6714041692418474,,,False
423,C79-M20,6.666933007604855,0.47345887281960664,0.6173953281812935,0.4461816030807072,,,,False
424,C988-M16,4.3185147430773405,0.9639250972328247,0.8859260927735466,0.7757812053726124,,,,False
425,C672-M223,0.015227468857464335,0.9545400818271742,0.7974148575696431,0.8844190576790879,,,,False
426,C10-M0,0.040197079519959336,0.5613390458294703,0.7024084463764724,,,0.46533541766164266,,False
427,C734-M11,24.05836939461407,0.5721457829272416,0.8786437275071154,0.6077209358459125,,,,False
428,C158-M58,0.06014798544728769,0.4110836048326032,0.8626749801941248,0.9581218365277882,0.6459526821997327,,,False
429,C68-M16,0.010835747976670857,0.7026355414777309,0.8693108954719551,,,,,False
430,C144-M105,2.051730340055767,0.49316285977832997,0.8232323257942535,,0.9722291231274252,0.3861269667240228,,False
431,C862-M82,17.624876799492775,0.9652222574976934,0.6938515643139624,,,,,False
432,C433-M139,2.35624056349988,0.9519474220195678,0.8049594348520236,,,,,False
433,C1030-M221,26.526824596921198,0.18062688885889921,0.6678780416626175,0.8130500860603153,,,,False
434,C993-M42,0.0,0.7237715896500538,0.8376856022170036,0.48964524775900287,0.9610111662860562,,,False
435,C1063-M42,0.09574090028449302,0.7555413138213518,0.7844151063720787,0.48964524775900287,1.0,,,False
436,C1051-M81,8.36950884269695,0.9528888964473984,0.8455818431992435,0.9261083679346,0.6533754920114315,,,False
437,C723-M54,9.440339086353616,0.9556941716497923,0.8342332794520896,,,0.7100921047863612,,False
438,C908-M189,1.245014460266198,0.9597810267572157,0.5310625631649337,,0.3861506906783678,,,False
439,C988-M135,9.530039302668895,0.6986010608601662,0.9591151867861089,0.8030686145631447,,,,False
440,C794-M84,19.629582113650788,0.9545800590251268,0.8489685745972737,,,0.5808437781402507,,False
441,C1042-M128,7.17122304645801,0.9652828233325014,0.820477111192335,,0.641287478101336,,,False
442,C236-M160,8.580593188923695,0.4381954123988525,0.9847496471655328,,0.9579579842862989,,,False
443,C1010-M78,23.87453819356662,0.6241735401225598,0.7489871576306637,,,,,False
444,C244-M197,16.820401406763303,0.2552444256124792,0.4669725443486361,,0.6101762812979468,,,False
445,C949-M151,2.8333648160845626,0.38770748760858875,0.7465978743928317,,,0.2905545418927916,0.9898799335565148,False
446,C939-M15,0.0,0.5399149676450774,1.0,1.0,1.0,,,False
447,C311-M205,0.09177036156829452,0.23467560258317754,0.8597150973171525,,0.7085790037173015,,,False
448,C417-M28,22.78957971624825,0.35733735730170635,0.6415583007986242,0.3502620257687159,0.8219141722904173,,,False
449,C1067-M1,2.8138864127843166,0.4276537621205292,0.8727216826410464,0.7903470055062587,,,,False
450,C502-M164,0.06661720824765277,0.4226913937811332,0.6715036783705178,1.0,0.4397781690141971,,,False
451,C997-M160,8.222501384714924,0.3693326044973473,0.9329343447978172,0.32361402065779044,0.9867492229476938,,,False
452,C852-M2,14.186913056428494,0.18685833765543136,0.6709959866478956,,,0.31507594152975904,,False
453,C899-M100,1.0471828775145207,0.5906235890746626,0.8418813251826657,,0.9493620307158188,0.5072995431562153,,False
454,C1053-M167,0.3623589302378015,0.5107500666118939,0.8665408697968221,1.0,1.0,,,False
455,C903-M74,39.12560521546516,0.9540172514214743,0.8246632539757055,0.7763767288698015,,,,False
456,C379-M108,10.318595453925736,0.590917747711012,0.7759460093067074,0.4137981536807498,0.5256259520549692,,,False
457,C409-M14,1.1308580672349773,0.3458160047171013,0.6131368762824057,,0.9716153983024397,,,False
458,C1057-M39,0.0918954163945652,0.45141262811490757,0.6100978884055935,0.405011380250202,,,,False
459,C174-M205,7.1561674444596,0.7769745455245748,0.895946143638551,0.7055579285391804,0.94713343176629,,,False
460,C1068-M169,0.010530284055439059,0.533643404806854,0.9826837594456369,1.0,0.9656452906643231,,,False
461,C161-M25,22.976551900916068,0.726591223466096,0.666565874726467,0.37590950868436324,,0.4811638418967853,,False
462,C949-M145,2.1112205244454896,0.6502500696953347,0.6074986807248315,0.7600893059870869,,,,False
463,C44-M16,9.771488369982317,0.9584181534411642,0.8224969789993426,,,,0.5246940583010967,False
464,C241-M142,18.80206496480451,0.4282112376427625,0.6589367167184307,,,,,False
465,C816-M163,0.07314657408634241,0.3809168985560638,0.7246931675016666,,,,,False
466,C460-M38,0.0,0.18321167338174682,0.9158816907380848,0.6190071167258148,0.9527737309690887,,,False
467,C632-M252,0.09208540273815037,0.5940766631330061,0.9211375312754916,0.8331049556720456,,,,False
468,C0-M202,0.0454868528363053,0.28897409183078715,0.8603965906233058,0.7566360455299568,,0.8563960213049754,,False
469,C535-M243,26.667388707047333,0.5599828387125894,0.8426817582765702,,,0.6020980334570465,,False
470,C680-M24,0.006941306347221624,0.7245713420159332,0.6760921009465947,,,0.7163010270607917,,False
471,C838-M215,0.08812730104002013,0.2790650104051441,0.8612181951508255,0.7229518496954564,,0.8872120213672903,,False
472,C409-M61,2.4333545399483367,0.538379514853262,0.6752686586096353,0.5692668087852261,0.4945161874929008,,,False
473,C261-M220,0.045575446719764094,0.14340581233772653,0.8951499061627438,0.9822233646509918,0.995473725451026,,,False
474,C735-M73,0.040197079519959336,0.414895482146878,0.6454379276941817,,,0.39032167535897244,,False
475,C218-M185,13.617616415444065,0.27376102756021203,0.5475969085578649,,,0.40889391654167895,,False
476,C623-M146,0.04289256931910501,0.4622931562418683,0.7321541936584991,0.6140552767024152,,0.5650270950415243,,False
477,C284-M103,3.3499769335789082,0.44651555302354806,0.8532337966705836,,0.702156453472763,0.7866685850056828,1.0,False
478,C595-M39,0.09363016009794206,0.6035752431286933,0.7689776834016167,,,0.6946147068634131,,False
479,C1067-M151,0.0764650562044363,0.5052076099619928,0.6900852947855427,,,,,False
480,C688-M65,0.09937939764351923,0.4976228915733617,0.8297785614083549,,0.6417381309798078,,,False
481,C804-M198,0.1039853198184449,0.1939608888655857,0.750819634990185,0.5747288969109946,,,,False
482,C805-M205,0.08433264012031583,0.40069310172039285,0.893826683925416,0.5879801059915818,0.7533409815380735,,,False
483,C323-M54,21.915623056353663,0.9614021952934071,0.8786074347308692,0.5914539799816262,,0.8284373013022631,,False
484,C256-M28,22.491904025775217,0.5942816521311102,0.7160619228288551,0.40021237498271267,,,,False
485,C983-M14,0.09490207457946108,0.7875807962617312,0.720372740833674,,0.7635779629663852,,,False
486,C203-M107,1.3726342494290749,0.17814794409936274,0.7887748514977073,,,,,False
487,C856-M157,7.265378769907692,0.20864249372189658,0.9016052263345208,0.4015517034917082,0.9580192461993057,,,False
488,C135-M11,13.592368293521567,0.48177191495134153,0.6852161299072249,,,0.48177191495134153,,False
489,C50-M151,6.3244870677742,0.24671683585842574,0.7394819432036371,,,0.40965395953103234,1.0,False
490,C352-M83,23.92275636363098,0.4565991426523013,0.7537420091821033,0.8650136841518503,,0.48982409723224907,,False
491,C816-M147,0.07314657408634241,0.386048065110824,0.7246931675016666,,,,,False
492,C356-M76,0.2748222304968986,0.6197181397727725,0.8629935591239156,,,,,False
493,C9-M77,9.227680198168894,0.3413496509134357,0.8679643668189351,0.4485221575122882,,,,False
494,C644-M3,8.295393260697018,0.33762467862688794,0.878566328607261,0.5799114011727777,,0.5606983806757097,,False
495,C1077-M218,0.0,0.4299888018647935,0.9628965570437396,,0.9828932781399425,,,False
496,C462-M166,14.771600156555147,0.225474224025088,0.7497300795191808,,,,,False
497,C310-M84,1.4184256082369837,0.9541410460590926,0.9842890070828189,,,0.9541410460590926,,False
498,C376-M116,24.96597966235569,0.4039236308165042,0.6348498424256652,,,0.4956500363506282,,False
499,C487-M34,15.496856691494946,0.577852221050594,0.7293423686212956,0.7965100153090309,,0.5756049073338864,,False
500,C571-M110,30.670971242202718,0.4410949639269881,0.7946223275867867,0.633027708638373,,,,False
501,C585-M8,24.720529850143503,0.7754161606956376,0.8885274522614379,0.804338787027879,,,,False
502,C922-M29,4.383031074351769,0.46896936784576837,0.7353997021769855,,,,,False
503,C816-M29,0.07314657408634241,0.3991616911468676,0.7700858020258999,0.7570345040140363,,,,False
504,C687-M63,6.2514291247945755,0.34496327196662047,0.9811923593411634,,0.9794742240553019,,,False
505,C807-M12,9.418154162148955,0.6156740080220712,0.8315753352920707,,0.5933183152384244,,,False
506,C48-M235,13.686379740268091,0.23857251180452688,0.8728545489612758,,0.791236743192268,0.4123253081635998,0.9117641934488437,False
507,C832-M79,0.0,0.950950390917184,0.9296557307912096,,,,,False
508,C1065-M239,0.050820712819035226,0.285320653827311,0.6343409202170502,0.7896539971070173,,0.29194577768175145,,False
509,C366-M205,21.571795970771422,0.6691482917529693,0.9249003634805134,0.6994640143709233,0.9467980227329446,,,False
510,C501-M60,0.09621261830896766,0.5534077580487834,0.7329582576825694,1.0,0.6817431867338182,,,False
511,C692-M215,0.08812730104002013,0.5872887855995989,0.8774771463302753,0.7229518496954564,,0.9460657541197758,,False
512,C988-M88,5.376638101524355,0.9553662928623555,0.7505381829925193,0.4383112635687303,0.4527348615385107,,,False
513,C763-M28,1.9126579576785754,0.22774801106952514,0.6015105513090715,,,0.4374716065720906,,False
514,C948-M45,0.03963446837682731,0.6351379125718353,0.7183292023817448,0.48964524775900287,0.7211589102899113,,,False
515,C90-M151,0.0764650562044363,0.4886162593994485,0.6900852947855427,,,,,False
516,C624-M115,2.584468926473157,0.48721435128965296,0.8803449981422389,0.7501173933672303,0.9476013658818676,,,False
517,C208-M169,4.117375295399546,0.4054214536966021,0.7938156356024663,,0.647717784660313,,,False
518,C1063-M61,2.2395673755264873,0.4379277934547816,0.8619702967772889,0.7600893059870869,0.9549793139822254,,,False
519,C943-M227,0.09269813422503025,0.6192534366186859,0.8257181977872351,,,0.6373970192850021,,False
520,C471-M130,0.10600632571430425,0.6479911598015503,0.8542595917878476,,0.7124423771985131,,,False
521,C487-M132,18.4586785780592,0.5909475616818416,0.866143622665816,0.7515668989991436,,0.8055068869149027,,False
522,C841-M81,0.0,0.4503297479615539,0.8119833032230395,1.0,1.0,,,False
523,C22-M205,0.09176196986762432,0.551712976117967,0.7548692865918896,,0.7533409815380735,,,False
524,C35-M50,2.5249502722244914,0.24059984705656656,0.8357667517792603,0.5615364415175045,0.7351192339768593,,,False
525,C960-M181,21.252524046598097,0.30146022710439213,0.6591627123422019,,,,,False
526,C362-M149,24.544839624028526,0.7467063561811258,0.7537190296800158,0.5565248328505352,,0.5810915677974324,,False
527,C1048-M239,0.050820712819035226,0.24965944487630143,0.7114639863633473,0.7896539971070173,,,,False
528,C219-M212,0.07148009998780334,0.5544548950974824,0.621797744706876,0.6348325677766564,0.5482771602223124,,,False
529,C770-M161,1.3045435513592902,0.5373435595235778,0.9579626823023213,,1.0,,,False
530,C846-M188,0.08249466858981487,0.6990008966734798,0.7058704115876898,0.8725085826075425,0.5935417240451897,,,False
531,C1057-M46,0.08147961347693329,0.7237715896500538,0.7846847639394939,1.0,0.9610111662860562,,,False
532,C336-M235,13.295268848982793,0.46727405347766027,0.7951394374863658,0.616887005486485,0.8420549816875333,0.257431357195428,0.942872568959273,False
533,C180-M81,8.42165818462304,0.3226246774733583,0.8542313258417048,0.8160695124159839,0.9651151899457044,,,False
534,C622-M189,1.0894478779595689,0.46132855857666333,0.5642351840462017,,1.0,,,False
535,C306-M28,2.2903671223832616,0.3417946847063472,0.6835317757285244,0.4393806674781984,0.6771095743190354,,,False
536,C97-M213,24.03858034441514,0.6796056074910857,0.5655203321712297,0.8389673795144564,,,,False
537,C128-M87,10.127726117505489,0.445167733527045,0.8289548995265568,0.6144896279241915,,0.49485695026353693,,False
538,C754-M153,0.09170583263070937,0.5717627034279325,0.4000553463852453,0.5853639254587123,,0.17822722392363,,False
539,C372-M49,21.973739614198568,0.4388367876744448,0.8100107933376465,,0.6039749184707889,,,False
540,C822-M212,0.1001670883719901,0.47028868387762424,0.8880570358187012,0.6348325677766564,0.8633237322765109,,,False
541,C139-M30,17.158505033062976,0.1301446406550757,0.6827087345839938,0.745264036923424,0.4140734430688757,,,False
542,C802-M196,0.06787734651933902,0.21646798478873608,0.8565351226943763,0.7074614456385346,0.6466837263466384,,,False
543,C237-M115,0.03879612751400085,0.38717098788048865,0.8703883202223424,0.9581218365277882,0.532464908043157,,,False
544,C665-M250,0.010727937303431785,0.5186701621950622,0.7524503110224021,0.5335321799316843,,,,False
545,C1057-M61,2.2031851774230624,0.43822242829837266,0.9793837551081753,0.7600893059870869,0.9549793139822254,,,False
546,C743-M257,19.79173620008214,0.46500346031847273,0.679219164984787,0.5060136670077384,,,1.0,False
547,C977-M54,14.314430037668227,0.406269814682479,0.723507800611676,,,0.2763667815677596,,False
548,C406-M257,26.964099583334193,0.4685501526287361,0.8119357790009167,,,,,False
549,C895-M28,0.0920088537644588,0.36366384844223854,0.6033565841564263,,0.5339805765087459,0.4175226813355173,,False
550,C211-M128,18.54947002889606,0.3970641552239995,0.720439851237968,0.5008238546063284,0.7219893485025296,,,False
551,C523-M125,0.08397274639532613,0.3568267159764079,0.8016423375888637,,,,,False
552,C899-M63,0.24805806663017257,0.7135191556186666,0.7200534085477354,0.9100725685290475,1.0,,,False
553,C449-M41,0.10738509022028572,0.3725208510923961,0.6695343037687129,0.8890738011150704,0.3950338991040425,,,False
554,C324-M82,12.931753771909761,0.511736013508444,0.6646077226223291,,,,,False
555,C727-M257,6.292207100604854,0.5923692195663262,0.6960509861151171,,,,,False
556,C595-M42,0.08147961347693329,0.6368114271781942,0.6780746435904611,,,,,False
557,C288-M255,3.573598500125898,0.14810742427789392,0.8673984795433949,,,,,False
558,C907-M227,10.544755475967754,0.31460798545640634,0.6306032758832784,0.5445846149293546,,,,False
559,C830-M69,9.238385112676097,0.5611134822358171,0.7598248244594915,,,,,False
